0,0,0.010036
0.005,0.0078844,0.0022848
0.01,0.015748,0.0293
0.015,0.023591,-0.010409
0.02,0.031413,0.020988
0.025,0.039215,0.11639
0.03,0.046996,-0.023756
0.035,0.054757,0.10472
0.04,0.062498,0.077541
0.045,0.070218,0.1795
0.05,0.077918,0.17735
0.055,0.085597,0.041468
0.06,0.093257,0.18233
0.065,0.1009,0.078388
0.07,0.10852,0.073382
0.075,0.11611,0.052957
0.08,0.12369,0.092058
0.085,0.13125,0.10102
0.09,0.13879,0.14057
0.095,0.14631,0.15167
0.1,0.15381,0.1617
0.105,0.16129,0.12911
0.11,0.16875,0.18949
0.115,0.17619,0.1178
0.12,0.18361,0.27443
0.125,0.19102,0.19872
0.13,0.1984,0.17625
0.135,0.20576,0.21678
0.14,0.2131,0.20512
0.145,0.22043,0.20797
0.15,0.22773,0.30516
0.155,0.23502,0.3532
0.16,0.24229,0.25652
0.165,0.24953,0.27399
0.17,0.25676,0.28806
0.175,0.26397,0.12487
0.18,0.27116,0.30054
0.185,0.27833,0.3281
0.19,0.28549,0.30887
0.195,0.29262,0.32174
0.2,0.29974,0.3067
0.205,0.30683,0.3342
0.21,0.31391,0.29249
0.215,0.32097,0.28778
0.22,0.32801,0.2946
0.225,0.33503,0.27262
0.23,0.34204,0.39771
0.235,0.34902,0.33812
0.24,0.35599,0.372
0.245,0.36294,0.33244
0.25,0.36987,0.42145
0.255,0.37678,0.34974
0.26,0.38368,0.34736
0.265,0.39055,0.43468
0.27,0.39741,0.37146
0.275,0.40425,0.3458
0.28,0.41107,0.53785
0.285,0.41788,0.37619
0.29,0.42466,0.46947
0.295,0.43143,0.38284
0.3,0.43818,0.47584
0.305,0.44491,0.46036
0.31,0.45163,0.40877
0.315,0.45833,0.30855
0.32,0.46501,0.56515
0.325,0.47167,0.49337
0.33,0.47831,0.436
0.335,0.48494,0.4234
0.34,0.49155,0.48227
0.345,0.49814,0.42384
0.35,0.50472,0.40335
0.355,0.51128,0.48685
0.36,0.51782,0.50702
0.365,0.52434,0.49379
0.37,0.53085,0.51508
0.375,0.53734,0.47246
0.38,0.54381,0.44239
0.385,0.55026,0.57029
0.39,0.5567,0.52419
0.395,0.56312,0.62691
0.4,0.56953,0.67278
0.405,0.57591,0.57159
0.41,0.58229,0.57479
0.415,0.58864,0.6257
0.42,0.59498,0.63375
0.425,0.6013,0.57553
0.43,0.6076,0.51387
0.435,0.61389,0.65327
0.44,0.62016,0.5259
0.445,0.62641,0.72273
0.45,0.63265,0.62795
0.455,0.63887,0.68625
0.46,0.64508,0.64101
0.465,0.65127,0.62215
0.47,0.65744,0.66828
0.475,0.6636,0.67742
0.48,0.66974,0.60657
0.485,0.67586,0.70409
0.49,0.68197,0.65888
0.495,0.68806,0.65523
0.5,0.69414,0.72673
0.505,0.7002,0.69856
0.51,0.70624,0.54492
0.515,0.71227,0.63715
0.52,0.71828,0.79965
0.525,0.72428,0.78319
0.53,0.73026,0.72966
0.535,0.73623,0.8057
0.54,0.74218,0.69259
0.545,0.74811,0.69678
0.55,0.75403,0.71054
0.555,0.75993,0.80264
0.56,0.76582,0.75423
0.565,0.77169,0.73411
0.57,0.77755,0.72571
0.575,0.78339,0.68437
0.58,0.78921,0.72452
0.585,0.79502,0.79913
0.59,0.80082,0.76981
0.595,0.8066,0.75755
0.6,0.81236,0.84802
0.605,0.81811,0.88969
0.61,0.82384,0.78523
0.615,0.82956,0.84368
0.62,0.83527,0.82851
0.625,0.84096,0.85583
0.63,0.84663,0.90229
0.635,0.85229,0.8965
0.64,0.85794,0.90933
0.645,0.86356,0.88752
0.65,0.86918,0.92971
0.655,0.87478,0.85189
0.66,0.88037,0.98633
0.665,0.88594,0.80127
0.67,0.89149,0.93457
0.675,0.89703,0.98535
0.68,0.90256,0.86542
0.685,0.90807,0.81865
0.69,0.91357,0.9893
0.695,0.91905,0.91529
0.7,0.92452,0.86251
0.705,0.92998,0.90886
0.71,0.93542,1.002
0.715,0.94084,0.92666
0.72,0.94626,0.95267
0.725,0.95165,0.95261
0.73,0.95704,0.9903
0.735,0.96241,0.97272
0.74,0.96776,1.0032
0.745,0.9731,1.099
0.75,0.97843,0.99219
0.755,0.98374,1.0074
0.76,0.98904,1.1003
0.765,0.99432,1.0084
0.77,0.9996,0.95037
0.775,1.0049,0.90957
0.78,1.0101,1.0513
0.785,1.0153,0.96997
0.79,1.0205,0.96832
0.795,1.0257,0.96986
0.8,1.0309,1.0447
0.805,1.0361,1.0475
0.81,1.0413,1.0347
0.815,1.0464,1.0775
0.82,1.0516,0.99954
0.825,1.0567,1.0556
0.83,1.0618,1.0528
0.835,1.0669,1.0603
0.84,1.072,0.97884
0.845,1.077,1.0994
0.85,1.0821,1.2567
0.855,1.0871,1.008
0.86,1.0921,1.0876
0.865,1.0972,0.99079
0.87,1.1022,1.1346
0.875,1.1071,1.103
0.88,1.1121,1.1925
0.885,1.1171,1.1603
0.89,1.122,1.0705
0.895,1.127,1.1165
0.9,1.1319,1.1158
0.905,1.1368,1.0963
0.91,1.1417,1.2335
0.915,1.1466,1.097
0.92,1.1514,1.1318
0.925,1.1563,1.2004
0.93,1.1612,1.1967
0.935,1.166,1.1607
0.94,1.1708,1.2408
0.945,1.1756,1.2199
0.95,1.1804,1.1449
0.955,1.1852,1.1522
0.96,1.19,1.1929
0.965,1.1947,1.2421
0.97,1.1995,1.1682
0.975,1.2042,1.1715
0.98,1.2089,1.2292
0.985,1.2136,1.1942
0.99,1.2183,1.2223
0.995,1.223,1.1861
1,1.2277,1.1974
1.005,1.2323,1.2241
1.01,1.237,1.19
1.015,1.2416,1.3078
1.02,1.2462,1.3104
1.025,1.2508,1.2484
1.03,1.2554,1.2129
1.035,1.26,1.2894
1.04,1.2646,1.2564
1.045,1.2692,1.2344
1.05,1.2737,1.263
1.055,1.2782,1.3234
1.06,1.2828,1.2506
1.065,1.2873,1.3209
1.07,1.2918,1.3491
1.075,1.2963,1.2742
1.08,1.3007,1.2266
1.085,1.3052,1.3223
1.09,1.3097,1.3808
1.095,1.3141,1.3612
1.1,1.3185,1.2117
1.105,1.323,1.3753
1.11,1.3274,1.2601
1.115,1.3318,1.3543
1.12,1.3361,1.2883
1.125,1.3405,1.2697
1.13,1.3449,1.3404
1.135,1.3492,1.293
1.14,1.3536,1.2265
1.145,1.3579,1.2622
1.15,1.3622,1.3115
1.155,1.3665,1.3968
1.16,1.3708,1.4475
1.165,1.3751,1.4614
1.17,1.3794,1.3957
1.175,1.3836,1.3058
1.18,1.3879,1.3332
1.185,1.3921,1.4473
1.19,1.3963,1.3783
1.195,1.4005,1.4566
1.2,1.4047,1.3325
1.205,1.4089,1.3772
1.21,1.4131,1.4596
1.215,1.4173,1.4054
1.22,1.4214,1.4663
1.225,1.4256,1.4015
1.23,1.4297,1.4617
1.235,1.4339,1.4218
1.24,1.438,1.3867
1.245,1.4421,1.5063
1.25,1.4462,1.4425
1.255,1.4503,1.3235
1.26,1.4543,1.3482
1.265,1.4584,1.5102
1.27,1.4624,1.4813
1.275,1.4665,1.4489
1.28,1.4705,1.373
1.285,1.4745,1.4539
1.29,1.4785,1.4308
1.295,1.4825,1.4622
1.3,1.4865,1.4672
1.305,1.4905,1.4582
1.31,1.4945,1.4673
1.315,1.4984,1.4656
1.32,1.5024,1.4551
1.325,1.5063,1.5126
1.33,1.5102,1.4604
1.335,1.5142,1.4432
1.34,1.5181,1.4911
1.345,1.522,1.3922
1.35,1.5258,1.5698
1.355,1.5297,1.551
1.36,1.5336,1.4595
1.365,1.5374,1.4449
1.37,1.5413,1.5951
1.375,1.5451,1.5765
1.38,1.5489,1.4673
1.385,1.5528,1.4487
1.39,1.5566,1.6026
1.395,1.5603,1.6121
1.4,1.5641,1.5298
1.405,1.5679,1.5953
1.41,1.5717,1.6251
1.415,1.5754,1.5883
1.42,1.5792,1.4259
1.425,1.5829,1.5898
1.43,1.5866,1.5845
1.435,1.5903,1.5886
1.44,1.594,1.4836
1.445,1.5977,1.565
1.45,1.6014,1.6241
1.455,1.6051,1.6395
1.46,1.6088,1.6257
1.465,1.6124,1.6942
1.47,1.6161,1.531
1.475,1.6197,1.6064
1.48,1.6233,1.6796
1.485,1.627,1.4585
1.49,1.6306,1.6374
1.495,1.6342,1.6543
1.5,1.6377,1.6368
1.505,1.6413,1.6859
1.51,1.6449,1.6046
1.515,1.6485,1.6015
1.52,1.652,1.7651
1.525,1.6556,1.6005
1.53,1.6591,1.5977
1.535,1.6626,1.7078
1.54,1.6661,1.6627
1.545,1.6696,1.673
1.55,1.6731,1.7164
1.555,1.6766,1.702
1.56,1.6801,1.715
1.565,1.6836,1.7042
1.57,1.687,1.6836
1.575,1.6905,1.6157
1.58,1.6939,1.6658
1.585,1.6973,1.6628
1.59,1.7008,1.7441
1.595,1.7042,1.7156
1.6,1.7076,1.6351
1.605,1.711,1.8035
1.61,1.7144,1.7417
1.615,1.7178,1.786
1.62,1.7211,1.6945
1.625,1.7245,1.6871
1.63,1.7278,1.7717
1.635,1.7312,1.7145
1.64,1.7345,1.7373
1.645,1.7378,1.7148
1.65,1.7412,1.6696
1.655,1.7445,1.7886
1.66,1.7478,1.794
1.665,1.7511,1.7315
1.67,1.7543,1.7263
1.675,1.7576,1.792
1.68,1.7609,1.7555
1.685,1.7641,1.7333
1.69,1.7674,1.6679
1.695,1.7706,1.7013
1.7,1.7739,1.71
1.705,1.7771,1.7832
1.71,1.7803,1.6439
1.715,1.7835,1.715
1.72,1.7867,1.7834
1.725,1.7899,1.8652
1.73,1.7931,1.8195
1.735,1.7962,1.8162
1.74,1.7994,1.805
1.745,1.8026,1.7976
1.75,1.8057,1.8302
1.755,1.8088,1.7453
1.76,1.812,1.7515
1.765,1.8151,1.7759
1.77,1.8182,1.847
1.775,1.8213,1.8088
1.78,1.8244,1.8523
1.785,1.8275,1.8231
1.79,1.8306,1.8069
1.795,1.8337,1.839
1.8,1.8367,1.8345
1.805,1.8398,1.7913
1.81,1.8428,1.84
1.815,1.8459,1.8172
1.82,1.8489,1.7803
1.825,1.8519,1.9113
1.83,1.8549,1.775
1.835,1.858,1.8717
1.84,1.861,1.8493
1.845,1.8639,1.8948
1.85,1.8669,1.8917
1.855,1.8699,1.8806
1.86,1.8729,1.8632
1.865,1.8758,1.8884
1.87,1.8788,1.8468
1.875,1.8817,1.9845
1.88,1.8847,1.8418
1.885,1.8876,1.934
1.89,1.8905,1.8806
1.895,1.8935,1.8969
1.9,1.8964,1.9384
1.905,1.8993,1.8676
1.91,1.9022,1.9386
1.915,1.905,1.8929
1.92,1.9079,1.8292
1.925,1.9108,1.9298
1.93,1.9137,1.8648
1.935,1.9165,1.9282
1.94,1.9194,1.9447
1.945,1.9222,1.9773
1.95,1.925,1.782
1.955,1.9279,1.953
1.96,1.9307,1.9239
1.965,1.9335,2.0178
1.97,1.9363,1.8898
1.975,1.9391,1.993
1.98,1.9419,1.8795
1.985,1.9446,1.9183
1.99,1.9474,1.8883
1.995,1.9502,1.9397
2,1.9529,1.9893
2.005,1.9557,1.8633
2.01,1.9584,1.965
2.015,1.9612,1.9997
2.02,1.9639,2.0293
2.025,1.9666,2.0478
2.03,1.9693,1.945
2.035,1.9721,2.0181
2.04,1.9748,1.9491
2.045,1.9775,1.9871
2.05,1.9801,1.9582
2.055,1.9828,1.973
2.06,1.9855,1.9853
2.065,1.9882,1.9785
2.07,1.9908,2.0246
2.075,1.9935,2.0102
2.08,1.9961,1.9868
2.085,1.9988,1.9475
2.09,2.0014,1.9918
2.095,2.004,1.9339
2.1,2.0066,1.9201
2.105,2.0092,1.971
2.11,2.0118,1.9542
2.115,2.0144,1.9748
2.12,2.017,2.0123
2.125,2.0196,1.9335
2.13,2.0222,2.0899
2.135,2.0248,1.9947
2.14,2.0273,2.0163
2.145,2.0299,2.0743
2.15,2.0324,2.056
2.155,2.035,1.9745
2.16,2.0375,2.0391
2.165,2.04,2.0989
2.17,2.0426,2.0197
2.175,2.0451,2.0224
2.18,2.0476,2.0809
2.185,2.0501,2.0278
2.19,2.0526,1.9361
2.195,2.0551,2.0907
2.2,2.0576,2.1785
2.205,2.06,2.0647
2.21,2.0625,2.0742
2.215,2.065,2.0984
2.22,2.0674,2.1711
2.225,2.0699,2.112
2.23,2.0723,2.0186
2.235,2.0748,2.03
2.24,2.0772,2.0329
2.245,2.0796,2.0286
2.25,2.082,2.1247
2.255,2.0844,2.0183
2.26,2.0869,2.1084
2.265,2.0893,2.147
2.27,2.0916,2.0774
2.275,2.094,2.1184
2.28,2.0964,2.1126
2.285,2.0988,2.0975
2.29,2.1012,2.123
2.295,2.1035,2.103
2.3,2.1059,2.1665
2.305,2.1082,2.1987
2.31,2.1106,2.1949
2.315,2.1129,2.1115
2.32,2.1152,2.1605
2.325,2.1176,2.0475
2.33,2.1199,2.0654
2.335,2.1222,2.1172
2.34,2.1245,2.215
2.345,2.1268,2.1671
2.35,2.1291,2.1558
2.355,2.1314,2.0398
2.36,2.1337,2.2546
2.365,2.1359,2.1377
2.37,2.1382,2.1531
2.375,2.1405,2.1787
2.38,2.1427,2.1778
2.385,2.145,2.1271
2.39,2.1472,2.1028
2.395,2.1495,2.2063
2.4,2.1517,2.1571
2.405,2.154,2.1381
2.41,2.1562,2.2229
2.415,2.1584,2.1134
2.42,2.1606,2.216
2.425,2.1628,2.1183
2.43,2.165,2.0814
2.435,2.1672,2.1612
2.44,2.1694,2.2352
2.445,2.1716,2.255
2.45,2.1738,2.2926
2.455,2.1759,2.1889
2.46,2.1781,2.1144
2.465,2.1803,2.0837
2.47,2.1824,2.2674
2.475,2.1846,2.1173
2.48,2.1867,2.1326
2.485,2.1888,2.1776
2.49,2.191,2.1585
2.495,2.1931,2.1525
2.5,2.1952,2.1585
2.505,2.1973,2.2358
2.51,2.1994,2.2167
2.515,2.2015,2.1947
2.52,2.2036,2.3077
2.525,2.2057,2.1644
2.53,2.2078,2.2477
2.535,2.2099,2.2062
2.54,2.212,2.2066
2.545,2.214,2.1812
2.55,2.2161,2.2371
2.555,2.2182,2.2062
2.56,2.2202,2.1686
2.565,2.2223,2.1731
2.57,2.2243,2.1487
2.575,2.2264,2.1484
2.58,2.2284,2.1934
2.585,2.2304,2.2489
2.59,2.2324,2.2188
2.595,2.2345,2.1917
2.6,2.2365,2.2984
2.605,2.2385,2.1649
2.61,2.2405,2.2443
2.615,2.2425,2.2812
2.62,2.2445,2.2576
2.625,2.2465,2.3015
2.63,2.2484,2.2455
2.635,2.2504,2.2902
2.64,2.2524,2.255
2.645,2.2543,2.2247
2.65,2.2563,2.3274
2.655,2.2583,2.2557
2.66,2.2602,2.2614
2.665,2.2622,2.3374
2.67,2.2641,2.2382
2.675,2.266,2.212
2.68,2.268,2.2531
2.685,2.2699,2.2351
2.69,2.2718,2.2945
2.695,2.2737,2.2972
2.7,2.2756,2.2308
2.705,2.2775,2.2335
2.71,2.2794,2.3033
2.715,2.2813,2.2814
2.72,2.2832,2.2286
2.725,2.2851,2.2884
2.73,2.287,2.2793
2.735,2.2888,2.2396
2.74,2.2907,2.3068
2.745,2.2926,2.2354
2.75,2.2944,2.2847
2.755,2.2963,2.3674
2.76,2.2981,2.261
2.765,2.3,2.2638
2.77,2.3018,2.3841
2.775,2.3037,2.3005
2.78,2.3055,2.2378
2.785,2.3073,2.3671
2.79,2.3091,2.2793
2.795,2.3109,2.3071
2.8,2.3128,2.334
2.805,2.3146,2.3167
2.81,2.3164,2.2928
2.815,2.3182,2.3922
2.82,2.32,2.2966
2.825,2.3217,2.2271
2.83,2.3235,2.293
2.835,2.3253,2.3554
2.84,2.3271,2.4007
2.845,2.3288,2.344
2.85,2.3306,2.3017
2.855,2.3324,2.3525
2.86,2.3341,2.3176
2.865,2.3359,2.3345
2.87,2.3376,2.257
2.875,2.3394,2.3495
2.88,2.3411,2.3554
2.885,2.3428,2.4158
2.89,2.3446,2.3111
2.895,2.3463,2.354
2.9,2.348,2.3244
2.905,2.3497,2.4382
2.91,2.3514,2.2918
2.915,2.3531,2.2615
2.92,2.3548,2.3554
2.925,2.3565,2.3466
2.93,2.3582,2.3298
2.935,2.3599,2.3401
2.94,2.3616,2.3709
2.945,2.3633,2.3635
2.95,2.3649,2.3479
2.955,2.3666,2.3705
2.96,2.3683,2.4142
2.965,2.3699,2.3484
2.97,2.3716,2.4082
2.975,2.3732,2.4294
2.98,2.3749,2.3353
2.985,2.3765,2.4269
2.99,2.3782,2.3858
2.995,2.3798,2.318
3,2.3814,2.5237
3.005,2.383,2.4203
3.01,2.3847,2.4049
3.015,2.3863,2.3221
3.02,2.3879,2.415
3.025,2.3895,2.3544
3.03,2.3911,2.3485
3.035,2.3927,2.3608
3.04,2.3943,2.3389
3.045,2.3959,2.3716
3.05,2.3975,2.3992
3.055,2.3991,2.454
3.06,2.4007,2.3705
3.065,2.4022,2.4228
3.07,2.4038,2.4076
3.075,2.4054,2.3198
3.08,2.4069,2.4445
3.085,2.4085,2.3973
3.09,2.41,2.3682
3.095,2.4116,2.3884
3.1,2.4131,2.4569
3.105,2.4147,2.4719
3.11,2.4162,2.4777
3.115,2.4178,2.552
3.12,2.4193,2.4734
3.125,2.4208,2.414
3.13,2.4223,2.3994
3.135,2.4239,2.3874
3.14,2.4254,2.4251
3.145,2.4269,2.4908
3.15,2.4284,2.4033
3.155,2.4299,2.436
3.16,2.4314,2.3995
3.165,2.4329,2.3576
3.17,2.4344,2.3634
3.175,2.4359,2.4503
3.18,2.4373,2.497
3.185,2.4388,2.5145
3.19,2.4403,2.4626
3.195,2.4418,2.4418
3.2,2.4432,2.4559
3.205,2.4447,2.4456
3.21,2.4462,2.467
3.215,2.4476,2.3943
3.22,2.4491,2.4099
3.225,2.4505,2.4597
3.23,2.4519,2.4349
3.235,2.4534,2.3593
3.24,2.4548,2.4463
3.245,2.4563,2.4206
3.25,2.4577,2.4567
3.255,2.4591,2.4241
3.26,2.4605,2.434
3.265,2.462,2.5148
3.27,2.4634,2.4456
3.275,2.4648,2.4239
3.28,2.4662,2.4222
3.285,2.4676,2.4591
3.29,2.469,2.4513
3.295,2.4704,2.5047
3.3,2.4718,2.4534
3.305,2.4732,2.5116
3.31,2.4745,2.5604
3.315,2.4759,2.4197
3.32,2.4773,2.4941
3.325,2.4787,2.536
3.33,2.48,2.3466
3.335,2.4814,2.4146
3.34,2.4828,2.5119
3.345,2.4841,2.5343
3.35,2.4855,2.5182
3.355,2.4868,2.4663
3.36,2.4882,2.4482
3.365,2.4895,2.3779
3.37,2.4909,2.4349
3.375,2.4922,2.4806
3.38,2.4936,2.6365
3.385,2.4949,2.4978
3.39,2.4962,2.4777
3.395,2.4975,2.6005
3.4,2.4989,2.5315
3.405,2.5002,2.5172
3.41,2.5015,2.4542
3.415,2.5028,2.5022
3.42,2.5041,2.4666
3.425,2.5054,2.4503
3.43,2.5067,2.5673
3.435,2.508,2.5071
3.44,2.5093,2.4528
3.445,2.5106,2.4649
3.45,2.5119,2.5735
3.455,2.5132,2.4212
3.46,2.5144,2.5363
3.465,2.5157,2.4312
3.47,2.517,2.5097
3.475,2.5183,2.5057
3.48,2.5195,2.4574
3.485,2.5208,2.446
3.49,2.522,2.5252
3.495,2.5233,2.4966
3.5,2.5245,2.5452
3.505,2.5258,2.5068
3.51,2.527,2.5161
3.515,2.5283,2.5596
3.52,2.5295,2.5315
3.525,2.5308,2.4955
3.53,2.532,2.4942
3.535,2.5332,2.5929
3.54,2.5345,2.4998
3.545,2.5357,2.4461
3.55,2.5369,2.5653
3.555,2.5381,2.5452
3.56,2.5393,2.4962
3.565,2.5405,2.4568
3.57,2.5417,2.6487
3.575,2.543,2.6094
3.58,2.5442,2.6132
3.585,2.5454,2.4901
3.59,2.5465,2.5522
3.595,2.5477,2.541
3.6,2.5489,2.5544
3.605,2.5501,2.5748
3.61,2.5513,2.5427
3.615,2.5525,2.534
3.62,2.5536,2.5666
3.625,2.5548,2.545
3.63,2.556,2.5605
3.635,2.5572,2.5457
3.64,2.5583,2.5557
3.645,2.5595,2.6813
3.65,2.5606,2.5187
3.655,2.5618,2.6024
3.66,2.5629,2.5225
3.665,2.5641,2.5907
3.67,2.5652,2.4533
3.675,2.5664,2.658
3.68,2.5675,2.5645
3.685,2.5687,2.4935
3.69,2.5698,2.5693
3.695,2.5709,2.5578
3.7,2.5721,2.6135
3.705,2.5732,2.5844
3.71,2.5743,2.5562
3.715,2.5754,2.6146
3.72,2.5765,2.5175
3.725,2.5776,2.5539
3.73,2.5788,2.5685
3.735,2.5799,2.6133
3.74,2.581,2.5699
3.745,2.5821,2.5854
3.75,2.5832,2.5774
3.755,2.5843,2.6559
3.76,2.5854,2.6163
3.765,2.5864,2.5177
3.77,2.5875,2.5434
3.775,2.5886,2.5334
3.78,2.5897,2.6806
3.785,2.5908,2.5684
3.79,2.5919,2.5365
3.795,2.5929,2.642
3.8,2.594,2.5532
3.805,2.5951,2.5978
3.81,2.5961,2.5841
3.815,2.5972,2.6424
3.82,2.5982,2.5598
3.825,2.5993,2.5988
3.83,2.6004,2.6293
3.835,2.6014,2.6613
3.84,2.6025,2.5625
3.845,2.6035,2.6089
3.85,2.6045,2.5306
3.855,2.6056,2.6862
3.86,2.6066,2.6829
3.865,2.6076,2.5677
3.87,2.6087,2.6606
3.875,2.6097,2.6172
3.88,2.6107,2.6169
3.885,2.6118,2.6469
3.89,2.6128,2.6249
3.895,2.6138,2.6122
3.9,2.6148,2.5691
3.905,2.6158,2.5659
3.91,2.6168,2.6142
3.915,2.6178,2.6984
3.92,2.6188,2.6128
3.925,2.6198,2.7267
3.93,2.6208,2.614
3.935,2.6218,2.6075
3.94,2.6228,2.6669
3.945,2.6238,2.6363
3.95,2.6248,2.5795
3.955,2.6258,2.582
3.96,2.6268,2.6248
3.965,2.6278,2.6805
3.97,2.6287,2.7318
3.975,2.6297,2.5751
3.98,2.6307,2.6047
3.985,2.6317,2.5987
3.99,2.6326,2.6582
3.995,2.6336,2.6388
4,2.6346,2.6203
4.005,2.6355,2.6566
4.01,2.6365,2.5483
4.015,2.6374,2.5527
4.02,2.6384,2.5451
4.025,2.6393,2.6009
4.03,2.6403,2.6808
4.035,2.6412,2.6082
4.04,2.6422,2.589
4.045,2.6431,2.7252
4.05,2.6441,2.6546
4.055,2.645,2.6084
4.06,2.6459,2.6363
4.065,2.6468,2.6753
4.07,2.6478,2.6026
4.075,2.6487,2.6073
4.08,2.6496,2.5782
4.085,2.6505,2.6921
4.09,2.6515,2.6011
4.095,2.6524,2.5853
4.1,2.6533,2.6498
4.105,2.6542,2.583
4.11,2.6551,2.6749
4.115,2.656,2.6218
4.12,2.6569,2.7972
4.125,2.6578,2.6344
4.13,2.6587,2.6318
4.135,2.6596,2.6546
4.14,2.6605,2.6991
4.145,2.6614,2.5775
4.15,2.6623,2.6688
4.155,2.6632,2.7267
4.16,2.6641,2.6048
4.165,2.665,2.6534
4.17,2.6658,2.6758
4.175,2.6667,2.6535
4.18,2.6676,2.6502
4.185,2.6685,2.6837
4.19,2.6693,2.6645
4.195,2.6702,2.712
4.2,2.6711,2.6762
4.205,2.6719,2.7138
4.21,2.6728,2.7432
4.215,2.6737,2.6475
4.22,2.6745,2.7469
4.225,2.6754,2.6222
4.23,2.6762,2.5959
4.235,2.6771,2.6639
4.24,2.6779,2.613
4.245,2.6788,2.7323
4.25,2.6796,2.679
4.255,2.6805,2.6632
4.26,2.6813,2.7121
4.265,2.6821,2.7407
4.27,2.683,2.7092
4.275,2.6838,2.7094
4.28,2.6846,2.7057
4.285,2.6855,2.6812
4.29,2.6863,2.6726
4.295,2.6871,2.6326
4.3,2.6879,2.6043
4.305,2.6888,2.6815
4.31,2.6896,2.7151
4.315,2.6904,2.6213
4.32,2.6912,2.7432
4.325,2.692,2.6192
4.33,2.6928,2.6913
4.335,2.6936,2.6131
4.34,2.6944,2.7261
4.345,2.6952,2.646
4.35,2.696,2.6692
4.355,2.6968,2.7004
4.36,2.6976,2.615
4.365,2.6984,2.6956
4.37,2.6992,2.6305
4.375,2.7,2.7338
4.38,2.7008,2.7661
4.385,2.7016,2.6732
4.39,2.7024,2.76
4.395,2.7032,2.7428
4.4,2.7039,2.7598
4.405,2.7047,2.6988
4.41,2.7055,2.7372
4.415,2.7063,2.7143
4.42,2.707,2.7281
4.425,2.7078,2.7917
4.43,2.7086,2.7225
4.435,2.7093,2.725
4.44,2.7101,2.849
4.445,2.7109,2.6849
4.45,2.7116,2.7696
4.455,2.7124,2.7257
4.46,2.7131,2.6252
4.465,2.7139,2.6484
4.47,2.7146,2.7881
4.475,2.7154,2.5979
4.48,2.7161,2.6364
4.485,2.7169,2.6617
4.49,2.7176,2.691
4.495,2.7184,2.6798
4.5,2.7191,2.6838
4.505,2.7199,2.7279
4.51,2.7206,2.8213
4.515,2.7213,2.8057
4.52,2.7221,2.702
4.525,2.7228,2.6888
4.53,2.7235,2.7902
4.535,2.7242,2.7965
4.54,2.725,2.786
4.545,2.7257,2.7409
4.55,2.7264,2.7961
4.555,2.7271,2.7548
4.56,2.7278,2.7068
4.565,2.7286,2.7464
4.57,2.7293,2.6844
4.575,2.73,2.6535
4.58,2.7307,2.7275
4.585,2.7314,2.7253
4.59,2.7321,2.7285
4.595,2.7328,2.7272
4.6,2.7335,2.7586
4.605,2.7342,2.7008
4.61,2.7349,2.7329
4.615,2.7356,2.7888
4.62,2.7363,2.7305
4.625,2.737,2.7434
4.63,2.7377,2.6403
4.635,2.7384,2.7527
4.64,2.7391,2.7086
4.645,2.7398,2.7361
4.65,2.7404,2.7796
4.655,2.7411,2.6134
4.66,2.7418,2.8277
4.665,2.7425,2.7842
4.67,2.7432,2.7276
4.675,2.7438,2.6974
4.68,2.7445,2.7053
4.685,2.7452,2.8106
4.69,2.7458,2.7602
4.695,2.7465,2.7373
4.7,2.7472,2.7202
4.705,2.7478,2.6217
4.71,2.7485,2.8342
4.715,2.7492,2.7499
4.72,2.7498,2.7799
4.725,2.7505,2.8032
4.73,2.7511,2.7973
4.735,2.7518,2.7108
4.74,2.7524,2.728
4.745,2.7531,2.7275
4.75,2.7537,2.792
4.755,2.7544,2.7479
4.76,2.755,2.6849
4.765,2.7557,2.7742
4.77,2.7563,2.722
4.775,2.757,2.735
4.78,2.7576,2.6765
4.785,2.7582,2.8047
4.79,2.7589,2.7701
4.795,2.7595,2.7511
4.8,2.7601,2.6964
4.805,2.7608,2.7255
4.81,2.7614,2.7939
4.815,2.762,2.7061
4.82,2.7627,2.7686
4.825,2.7633,2.7632
4.83,2.7639,2.7198
4.835,2.7645,2.7573
4.84,2.7651,2.6639
4.845,2.7658,2.7711
4.85,2.7664,2.8919
4.855,2.767,2.7726
4.86,2.7676,2.7676
4.865,2.7682,2.7898
4.87,2.7688,2.8384
4.875,2.7694,2.7382
4.88,2.77,2.8174
4.885,2.7706,2.7698
4.89,2.7712,2.7308
4.895,2.7718,2.7954
4.9,2.7724,2.8095
4.905,2.773,2.7848
4.91,2.7736,2.7161
4.915,2.7742,2.8095
4.92,2.7748,2.7341
4.925,2.7754,2.8513
4.93,2.776,2.7815
4.935,2.7766,2.7237
4.94,2.7772,2.7015
4.945,2.7778,2.8048
4.95,2.7783,2.7187
4.955,2.7789,2.7907
4.96,2.7795,2.6472
4.965,2.7801,2.7363
4.97,2.7807,2.8501
4.975,2.7812,2.7403
4.98,2.7818,2.8156
4.985,2.7824,2.8748
4.99,2.783,2.7763
4.995,2.7835,2.8713
5,2.7841,2.7028
5.005,2.7847,2.7478
5.01,2.7852,2.8688
5.015,2.7858,2.8101
5.02,2.7864,2.7765
5.025,2.7869,2.7443
5.03,2.7875,2.8537
5.035,2.788,2.7905
5.04,2.7886,2.8485
5.045,2.7892,2.7743
5.05,2.7897,2.7669
5.055,2.7903,2.7522
5.06,2.7908,2.8328
5.065,2.7914,2.7765
5.07,2.7919,2.8056
5.075,2.7925,2.8033
5.08,2.793,2.8201
5.085,2.7936,2.8006
5.09,2.7941,2.83
5.095,2.7946,2.7836
5.1,2.7952,2.7378
5.105,2.7957,2.8374
5.11,2.7962,2.7213
5.115,2.7968,2.7306
5.12,2.7973,2.8153
5.125,2.7979,2.8068
5.13,2.7984,2.863
5.135,2.7989,2.7752
5.14,2.7994,2.8724
5.145,2.8,2.747
5.15,2.8005,2.8018
5.155,2.801,2.785
5.16,2.8015,2.7799
5.165,2.8021,2.8111
5.17,2.8026,2.848
5.175,2.8031,2.8189
5.18,2.8036,2.7965
5.185,2.8041,2.8815
5.19,2.8047,2.8563
5.195,2.8052,2.7143
5.2,2.8057,2.7843
5.205,2.8062,2.7937
5.21,2.8067,2.8418
5.215,2.8072,2.8722
5.22,2.8077,2.8234
5.225,2.8082,2.7952
5.23,2.8087,2.8534
5.235,2.8092,2.8351
5.24,2.8097,2.8524
5.245,2.8102,2.8741
5.25,2.8107,2.8374
5.255,2.8112,2.8082
5.26,2.8117,2.8215
5.265,2.8122,2.7426
5.27,2.8127,2.8026
5.275,2.8132,2.821
5.28,2.8137,2.832
5.285,2.8142,2.8163
5.29,2.8147,2.8221
5.295,2.8152,2.8207
5.3,2.8156,2.7683
5.305,2.8161,2.7491
5.31,2.8166,2.8357
5.315,2.8171,2.8343
5.32,2.8176,2.871
5.325,2.818,2.7926
5.33,2.8185,2.808
5.335,2.819,2.7978
5.34,2.8195,2.9283
5.345,2.82,2.8641
5.35,2.8204,2.8973
5.355,2.8209,2.8379
5.36,2.8214,2.867
5.365,2.8218,2.7905
5.37,2.8223,2.8093
5.375,2.8228,2.7362
5.38,2.8232,2.8584
5.385,2.8237,2.8133
5.39,2.8242,2.8623
5.395,2.8246,2.8064
5.4,2.8251,2.7247
5.405,2.8256,2.8363
5.41,2.826,2.8063
5.415,2.8265,2.8067
5.42,2.8269,2.8378
5.425,2.8274,2.9244
5.43,2.8278,2.8415
5.435,2.8283,2.8846
5.44,2.8287,2.9279
5.445,2.8292,2.7654
5.45,2.8296,2.8517
5.455,2.8301,2.8734
5.46,2.8305,2.8793
5.465,2.831,2.8036
5.47,2.8314,2.8156
5.475,2.8319,2.8382
5.48,2.8323,2.841
5.485,2.8327,2.8963
5.49,2.8332,2.7341
5.495,2.8336,2.7395
5.5,2.8341,2.814
5.505,2.8345,2.8144
5.51,2.8349,2.8163
5.515,2.8354,2.7624
5.52,2.8358,2.7715
5.525,2.8362,2.8247
5.53,2.8367,2.9035
5.535,2.8371,2.8702
5.54,2.8375,2.8743
5.545,2.8379,2.9204
5.55,2.8384,2.9278
5.555,2.8388,2.8548
5.56,2.8392,2.7868
5.565,2.8396,2.8424
5.57,2.8401,2.8208
5.575,2.8405,2.8956
5.58,2.8409,2.8167
5.585,2.8413,2.6991
5.59,2.8417,2.8038
5.595,2.8422,2.7997
5.6,2.8426,2.8471
5.605,2.843,2.8541
5.61,2.8434,2.8504
5.615,2.8438,2.864
5.62,2.8442,2.8871
5.625,2.8446,2.7318
5.63,2.845,2.8714
5.635,2.8454,2.8079
5.64,2.8458,2.8449
5.645,2.8463,2.8227
5.65,2.8467,2.8254
5.655,2.8471,2.8478
5.66,2.8475,2.776
5.665,2.8479,2.789
5.67,2.8483,2.8378
5.675,2.8487,2.8269
5.68,2.8491,2.8893
5.685,2.8495,2.8701
5.69,2.8499,2.8873
5.695,2.8502,2.8871
5.7,2.8506,2.8905
5.705,2.851,2.9384
5.71,2.8514,2.9016
5.715,2.8518,2.7989
5.72,2.8522,2.9156
5.725,2.8526,2.8297
5.73,2.853,2.8053
5.735,2.8534,2.8572
5.74,2.8538,2.8524
5.745,2.8541,2.8347
5.75,2.8545,2.8291
5.755,2.8549,2.8447
5.76,2.8553,2.7947
5.765,2.8557,2.8686
5.77,2.856,2.7913
5.775,2.8564,2.8204
5.78,2.8568,2.9092
5.785,2.8572,2.8763
5.79,2.8575,2.9242
5.795,2.8579,2.8316
5.8,2.8583,2.7891
5.805,2.8587,2.7609
5.81,2.859,2.8409
5.815,2.8594,2.8293
5.82,2.8598,2.9266
5.825,2.8601,2.8674
5.83,2.8605,2.8272
5.835,2.8609,2.8185
5.84,2.8612,2.8815
5.845,2.8616,2.9092
5.85,2.862,2.8083
5.855,2.8623,2.8718
5.86,2.8627,2.9425
5.865,2.8631,2.8273
5.87,2.8634,2.8221
5.875,2.8638,2.8237
5.88,2.8641,2.8558
5.885,2.8645,2.8864
5.89,2.8649,2.8949
5.895,2.8652,2.8457
5.9,2.8656,2.9079
5.905,2.8659,2.9684
5.91,2.8663,2.828
5.915,2.8666,2.962
5.92,2.867,2.8617
5.925,2.8673,2.857
5.93,2.8677,2.8482
5.935,2.868,2.9262
5.94,2.8684,2.8841
5.945,2.8687,2.858
5.95,2.8691,2.8581
5.955,2.8694,2.8791
5.96,2.8697,2.9061
5.965,2.8701,2.8957
5.97,2.8704,2.8054
5.975,2.8708,2.8712
5.98,2.8711,2.9539
5.985,2.8714,2.8649
5.99,2.8718,2.9642
5.995,2.8721,2.9083
6,2.8725,2.906
6.005,2.8728,2.8632
6.01,2.8731,2.908
6.015,2.8735,2.825
6.02,2.8738,2.8223
6.025,2.8741,2.8005
6.03,2.8745,2.889
6.035,2.8748,2.8355
6.04,2.8751,2.8864
6.045,2.8754,2.8592
6.05,2.8758,2.926
6.055,2.8761,2.9861
6.06,2.8764,2.9258
6.065,2.8767,2.8377
6.07,2.8771,2.8858
6.075,2.8774,2.8672
6.08,2.8777,2.879
6.085,2.878,2.8333
6.09,2.8784,2.9348
6.095,2.8787,2.8697
6.1,2.879,2.8535
6.105,2.8793,2.9424
6.11,2.8796,2.7832
6.115,2.8799,2.8287
6.12,2.8803,2.9119
6.125,2.8806,2.8897
6.13,2.8809,2.9353
6.135,2.8812,2.8482
6.14,2.8815,2.8553
6.145,2.8818,2.9301
6.15,2.8821,2.8574
6.155,2.8824,2.9218
6.16,2.8828,2.8301
6.165,2.8831,2.9084
6.17,2.8834,2.9018
6.175,2.8837,2.8874
6.18,2.884,2.8437
6.185,2.8843,2.8533
6.19,2.8846,2.9358
6.195,2.8849,2.8789
6.2,2.8852,2.8893
6.205,2.8855,2.8837
6.21,2.8858,2.6874
6.215,2.8861,3.0022
6.22,2.8864,2.8735
6.225,2.8867,2.8412
6.23,2.887,2.8682
6.235,2.8873,2.8548
6.24,2.8876,2.9466
6.245,2.8879,2.9223
6.25,2.8882,2.8967
6.255,2.8885,2.933
6.26,2.8888,2.9007
6.265,2.8891,2.8879
6.27,2.8894,2.9154
6.275,2.8896,2.9062
6.28,2.8899,2.9641
6.285,2.8902,2.8631
6.29,2.8905,2.9024
6.295,2.8908,2.8614
6.3,2.8911,2.8526
6.305,2.8914,2.9713
6.31,2.8917,2.8679
6.315,2.8919,2.8806
6.32,2.8922,2.9167
6.325,2.8925,2.8828
6.33,2.8928,2.9727
6.335,2.8931,2.8221
6.34,2.8934,2.8074
6.345,2.8936,2.8416
6.35,2.8939,2.8778
6.355,2.8942,2.8224
6.36,2.8945,2.8814
6.365,2.8947,2.8883
6.37,2.895,2.9135
6.375,2.8953,2.8231
6.38,2.8956,2.9224
6.385,2.8958,2.8928
6.39,2.8961,2.883
6.395,2.8964,2.8824
6.4,2.8967,2.8444
6.405,2.8969,2.8797
6.41,2.8972,2.941
6.415,2.8975,2.9183
6.42,2.8978,2.9179
6.425,2.898,2.9304
6.43,2.8983,2.8772
6.435,2.8986,2.9153
6.44,2.8988,2.8523
6.445,2.8991,2.8984
6.45,2.8994,2.9027
6.455,2.8996,2.8827
6.46,2.8999,2.8953
6.465,2.9001,2.8052
6.47,2.9004,2.8908
6.475,2.9007,2.8242
6.48,2.9009,2.9724
6.485,2.9012,2.891
6.49,2.9014,2.8889
6.495,2.9017,2.9106
6.5,2.902,2.8469
6.505,2.9022,2.8711
6.51,2.9025,2.8732
6.515,2.9027,2.9249
6.52,2.903,2.8793
6.525,2.9032,2.9119
6.53,2.9035,2.9253
6.535,2.9038,2.9674
6.54,2.904,2.8382
6.545,2.9043,2.8971
6.55,2.9045,3.0013
6.555,2.9048,2.9307
6.56,2.905,2.9065
6.565,2.9053,2.8952
6.57,2.9055,3.0456
6.575,2.9058,2.8877
6.58,2.906,2.8671
6.585,2.9063,2.8932
6.59,2.9065,2.8085
6.595,2.9067,2.8652
6.6,2.907,2.8933
6.605,2.9072,2.8468
6.61,2.9075,2.884
6.615,2.9077,2.9513
6.62,2.908,2.8826
6.625,2.9082,2.8878
6.63,2.9084,2.859
6.635,2.9087,2.9393
6.64,2.9089,2.8933
6.645,2.9092,2.9311
6.65,2.9094,2.8951
6.655,2.9096,2.9855
6.66,2.9099,3.0274
6.665,2.9101,2.8713
6.67,2.9104,2.9022
6.675,2.9106,2.9881
6.68,2.9108,2.8911
6.685,2.9111,2.8663
6.69,2.9113,2.9436
6.695,2.9115,2.9942
6.7,2.9118,2.9938
6.705,2.912,2.9305
6.71,2.9122,2.9651
6.715,2.9125,2.8991
6.72,2.9127,2.9416
6.725,2.9129,2.8822
6.73,2.9131,2.8937
6.735,2.9134,2.9562
6.74,2.9136,2.8852
6.745,2.9138,2.9361
6.75,2.9141,3.0352
6.755,2.9143,2.9292
6.76,2.9145,2.8711
6.765,2.9147,2.9371
6.77,2.915,2.8309
6.775,2.9152,2.8225
6.78,2.9154,2.8327
6.785,2.9156,2.9237
6.79,2.9158,2.9736
6.795,2.9161,2.8763
6.8,2.9163,2.898
6.805,2.9165,2.9152
6.81,2.9167,2.8824
6.815,2.9169,2.8682
6.82,2.9172,2.9161
6.825,2.9174,2.8645
6.83,2.9176,2.9859
6.835,2.9178,2.9191
6.84,2.918,2.9055
6.845,2.9182,2.941
6.85,2.9185,3.0082
6.855,2.9187,2.8392
6.86,2.9189,2.9801
6.865,2.9191,2.861
6.87,2.9193,2.9341
6.875,2.9195,2.953
6.88,2.9197,2.8573
6.885,2.9199,2.9489
6.89,2.9202,2.9487
6.895,2.9204,2.9178
6.9,2.9206,2.8636
6.905,2.9208,3.0008
6.91,2.921,2.9222
6.915,2.9212,2.9025
6.92,2.9214,2.8875
6.925,2.9216,2.9743
6.93,2.9218,2.8308
6.935,2.922,2.8469
6.94,2.9222,2.91
6.945,2.9224,2.9644
6.95,2.9226,2.8915
6.955,2.9228,2.9275
6.96,2.923,2.9376
6.965,2.9232,3.0182
6.97,2.9234,2.8981
6.975,2.9237,2.9306
6.98,2.9239,2.8531
6.985,2.9241,2.8967
6.99,2.9243,2.9429
6.995,2.9245,2.9684
7,2.9246,2.9543
7.005,2.9248,2.9849
7.01,2.925,2.8576
7.015,2.9252,2.7809
7.02,2.9254,2.8807
7.025,2.9256,2.8429
7.03,2.9258,2.8895
7.035,2.926,2.9288
7.04,2.9262,3.0124
7.045,2.9264,2.8595
7.05,2.9266,2.9962
7.055,2.9268,2.9441
7.06,2.927,3.0177
7.065,2.9272,2.9395
7.07,2.9274,3.0183
7.075,2.9276,2.9055
7.08,2.9278,2.9336
7.085,2.9279,2.9063
7.09,2.9281,2.9833
7.095,2.9283,2.9215
7.1,2.9285,2.9297
7.105,2.9287,2.9261
7.11,2.9289,2.9836
7.115,2.9291,2.9386
7.12,2.9293,2.9105
7.125,2.9294,2.9568
7.13,2.9296,2.8724
7.135,2.9298,2.914
7.14,2.93,2.9718
7.145,2.9302,2.9065
7.15,2.9304,2.925
7.155,2.9306,2.9265
7.16,2.9307,2.933
7.165,2.9309,2.9912
7.17,2.9311,2.965
7.175,2.9313,2.9675
7.18,2.9315,2.982
7.185,2.9316,2.8512
7.19,2.9318,2.9597
7.195,2.932,2.8447
7.2,2.9322,2.9013
7.205,2.9324,3.0084
7.21,2.9325,2.893
7.215,2.9327,2.9384
7.22,2.9329,2.9224
7.225,2.9331,2.9912
7.23,2.9332,2.91
7.235,2.9334,2.8545
7.24,2.9336,2.9119
7.245,2.9338,2.9771
7.25,2.9339,2.9213
7.255,2.9341,2.9419
7.26,2.9343,2.8903
7.265,2.9345,2.9791
7.27,2.9346,2.8685
7.275,2.9348,2.8504
7.28,2.935,2.9878
7.285,2.9351,2.8968
7.29,2.9353,3.0486
7.295,2.9355,2.9714
7.3,2.9357,2.9117
7.305,2.9358,2.9497
7.31,2.936,2.9496
7.315,2.9362,3.0433
7.32,2.9363,2.9056
7.325,2.9365,2.976
7.33,2.9367,2.8398
7.335,2.9368,2.9456
7.34,2.937,3.0461
7.345,2.9372,3.034
7.35,2.9373,2.9576
7.355,2.9375,2.9683
7.36,2.9377,2.9621
7.365,2.9378,2.9681
7.37,2.938,2.9714
7.375,2.9381,2.9965
7.38,2.9383,2.9191
7.385,2.9385,3.0148
7.39,2.9386,2.9793
7.395,2.9388,2.9772
7.4,2.939,2.959
7.405,2.9391,2.9709
7.41,2.9393,2.9262
7.415,2.9394,2.9601
7.42,2.9396,2.931
7.425,2.9398,2.9316
7.43,2.9399,2.9227
7.435,2.9401,2.9696
7.44,2.9402,2.8846
7.445,2.9404,2.8975
7.45,2.9405,2.9271
7.455,2.9407,2.8605
7.46,2.9409,2.8925
7.465,2.941,2.9238
7.47,2.9412,2.9392
7.475,2.9413,2.9695
7.48,2.9415,2.9118
7.485,2.9416,2.9226
7.49,2.9418,2.948
7.495,2.9419,2.8437
7.5,2.9421,2.9058
7.505,2.9422,2.8628
7.51,2.9424,2.9652
7.515,2.9425,2.8207
7.52,2.9427,2.9469
7.525,2.9428,2.9423
7.53,2.943,2.8898
7.535,2.9431,2.917
7.54,2.9433,2.8843
7.545,2.9434,3.036
7.55,2.9436,3.0172
7.555,2.9437,2.9577
7.56,2.9439,2.9518
7.565,2.944,2.972
7.57,2.9442,2.8544
7.575,2.9443,2.9243
7.58,2.9445,2.9081
7.585,2.9446,2.9044
7.59,2.9448,3.016
7.595,2.9449,2.8806
7.6,2.9451,2.9294
7.605,2.9452,2.958
7.61,2.9453,2.9814
7.615,2.9455,2.8648
7.62,2.9456,3.0066
7.625,2.9458,3.0368
7.63,2.9459,2.887
7.635,2.9461,2.9046
7.64,2.9462,2.9347
7.645,2.9463,2.8324
7.65,2.9465,2.9984
7.655,2.9466,2.8926
7.66,2.9468,2.9634
7.665,2.9469,2.9969
7.67,2.947,2.9716
7.675,2.9472,2.9851
7.68,2.9473,3.0071
7.685,2.9475,2.9691
7.69,2.9476,2.9585
7.695,2.9477,2.9245
7.7,2.9479,2.9401
7.705,2.948,2.9006
7.71,2.9481,2.9074
7.715,2.9483,2.9075
7.72,2.9484,2.9572
7.725,2.9486,2.949
7.73,2.9487,2.9255
7.735,2.9488,2.8448
7.74,2.949,2.91
7.745,2.9491,2.8777
7.75,2.9492,2.9886
7.755,2.9494,2.8808
7.76,2.9495,2.8982
7.765,2.9496,2.9358
7.77,2.9498,2.9799
7.775,2.9499,2.944
7.78,2.95,2.9287
7.785,2.9502,2.9678
7.79,2.9503,2.9175
7.795,2.9504,2.8866
7.8,2.9505,2.9596
7.805,2.9507,2.9068
7.81,2.9508,2.9794
7.815,2.9509,2.9669
7.82,2.9511,2.9992
7.825,2.9512,3.0019
7.83,2.9513,3.0611
7.835,2.9514,2.9729
7.84,2.9516,2.9461
7.845,2.9517,2.9982
7.85,2.9518,3.0624
7.855,2.952,3.0332
7.86,2.9521,2.9368
7.865,2.9522,3.0047
7.87,2.9523,2.9413
7.875,2.9525,2.8553
7.88,2.9526,2.9412
7.885,2.9527,2.9679
7.89,2.9528,2.89
7.895,2.953,3.0023
7.9,2.9531,2.9419
7.905,2.9532,2.9521
7.91,2.9533,2.9921
7.915,2.9534,3.0152
7.92,2.9536,2.8761
7.925,2.9537,3.0416
7.93,2.9538,2.9422
7.935,2.9539,2.9597
7.94,2.9541,2.9609
7.945,2.9542,2.9393
7.95,2.9543,2.9361
7.955,2.9544,2.9711
7.96,2.9545,2.9867
7.965,2.9547,2.9201
7.97,2.9548,2.8999
7.975,2.9549,2.9144
7.98,2.955,2.9325
7.985,2.9551,2.9957
7.99,2.9552,2.9011
7.995,2.9554,2.9312
8,2.9555,2.9957
8.005,2.9556,2.9967
8.01,2.9557,2.875
8.015,2.9558,2.8819
8.02,2.956,2.9811
8.025,2.9561,2.9155
8.03,2.9562,2.8842
8.035,2.9563,2.8874
8.04,2.9564,2.9699
8.045,2.9565,2.9199
8.05,2.9566,2.9023
8.055,2.9568,2.936
8.06,2.9569,3.0102
8.065,2.957,3.0425
8.07,2.9571,2.9801
8.075,2.9572,2.9519
8.08,2.9573,2.9147
8.085,2.9574,2.8647
8.09,2.9575,2.8402
8.095,2.9577,2.9932
8.1,2.9578,2.9634
8.105,2.9579,2.9635
8.11,2.958,3.0834
8.115,2.9581,2.9426
8.12,2.9582,2.9127
8.125,2.9583,3.0392
8.13,2.9584,2.9275
8.135,2.9585,2.9074
8.14,2.9586,3.0196
8.145,2.9588,2.9873
8.15,2.9589,2.969
8.155,2.959,2.9452
8.16,2.9591,2.9876
8.165,2.9592,3.0074
8.17,2.9593,2.8917
8.175,2.9594,2.9639
8.18,2.9595,2.9045
8.185,2.9596,2.9217
8.19,2.9597,2.9892
8.195,2.9598,2.9188
8.2,2.9599,3.0679
8.205,2.96,2.9599
8.21,2.9601,3.0488
8.215,2.9602,2.9908
8.22,2.9604,2.9716
8.225,2.9605,2.9159
8.23,2.9606,2.9471
8.235,2.9607,2.9297
8.24,2.9608,2.9516
8.245,2.9609,2.8745
8.25,2.961,2.928
8.255,2.9611,2.9366
8.26,2.9612,2.9593
8.265,2.9613,2.9953
8.27,2.9614,3.022
8.275,2.9615,2.9194
8.28,2.9616,2.9758
8.285,2.9617,3.0014
8.29,2.9618,2.9899
8.295,2.9619,2.9541
8.3,2.962,3.055
8.305,2.9621,2.9637
8.31,2.9622,3.0158
8.315,2.9623,2.9256
8.32,2.9624,3.0051
8.325,2.9625,3.0312
8.33,2.9626,2.9502
8.335,2.9627,3.0276
8.34,2.9628,3.0366
8.345,2.9629,2.9031
8.35,2.963,2.9796
8.355,2.9631,3.0346
8.36,2.9632,2.9479
8.365,2.9633,2.999
8.37,2.9634,3.0231
8.375,2.9635,2.9722
8.38,2.9636,2.9585
8.385,2.9636,3.0027
8.39,2.9637,2.9354
8.395,2.9638,2.9527
8.4,2.9639,2.9537
8.405,2.964,2.9663
8.41,2.9641,2.9744
8.415,2.9642,3.0248
8.42,2.9643,2.8653
8.425,2.9644,2.9466
8.43,2.9645,2.924
8.435,2.9646,2.9824
8.44,2.9647,2.9182
8.445,2.9648,2.9352
8.45,2.9649,2.9554
8.455,2.965,2.9862
8.46,2.9651,2.9924
8.465,2.9651,2.9408
8.47,2.9652,3.0052
8.475,2.9653,2.9679
8.48,2.9654,3.0464
8.485,2.9655,2.9953
8.49,2.9656,2.9988
8.495,2.9657,2.948
8.5,2.9658,3.1123
8.505,2.9659,2.9456
8.51,2.966,3.0506
8.515,2.9661,3.0293
8.52,2.9661,2.9255
8.525,2.9662,3.0075
8.53,2.9663,3.043
8.535,2.9664,2.9113
8.54,2.9665,2.9918
8.545,2.9666,2.9557
8.55,2.9667,2.9414
8.555,2.9668,2.8883
8.56,2.9668,2.9697
8.565,2.9669,2.9874
8.57,2.967,2.9117
8.575,2.9671,2.9458
8.58,2.9672,2.9825
8.585,2.9673,2.9299
8.59,2.9674,2.9438
8.595,2.9675,2.9201
8.6,2.9675,2.9591
8.605,2.9676,2.9272
8.61,2.9677,2.9977
8.615,2.9678,3.052
8.62,2.9679,2.9953
8.625,2.968,2.962
8.63,2.968,3.0224
8.635,2.9681,2.9179
8.64,2.9682,2.9105
8.645,2.9683,2.9771
8.65,2.9684,2.8629
8.655,2.9685,3.01
8.66,2.9685,2.9715
8.665,2.9686,2.9685
8.67,2.9687,2.9662
8.675,2.9688,3.0753
8.68,2.9689,2.8899
8.685,2.969,2.979
8.69,2.969,2.9502
8.695,2.9691,3.0032
8.7,2.9692,2.9645
8.705,2.9693,2.9367
8.71,2.9694,2.9888
8.715,2.9694,2.9814
8.72,2.9695,3.0426
8.725,2.9696,2.9601
8.73,2.9697,3.0615
8.735,2.9698,2.9478
8.74,2.9698,2.9836
8.745,2.9699,2.8695
8.75,2.97,2.9994
8.755,2.9701,3.0423
8.76,2.9702,2.9339
8.765,2.9702,2.9764
8.77,2.9703,3.1231
8.775,2.9704,2.9361
8.78,2.9705,2.9349
8.785,2.9706,2.8604
8.79,2.9706,3.0293
8.795,2.9707,2.8535
8.8,2.9708,3.0343
8.805,2.9709,3.0031
8.81,2.9709,2.9946
8.815,2.971,3.0363
8.82,2.9711,2.8918
8.825,2.9712,2.9149
8.83,2.9712,2.902
8.835,2.9713,2.9792
8.84,2.9714,2.9411
8.845,2.9715,2.8659
8.85,2.9715,3.0083
8.855,2.9716,2.9415
8.86,2.9717,2.9978
8.865,2.9718,2.9268
8.87,2.9718,2.9797
8.875,2.9719,3.0586
8.88,2.972,2.9639
8.885,2.9721,2.9381
8.89,2.9721,2.9488
8.895,2.9722,2.968
8.9,2.9723,2.991
8.905,2.9724,2.9741
8.91,2.9724,2.9287
8.915,2.9725,2.9543
8.92,2.9726,3.0529
8.925,2.9726,3.0386
8.93,2.9727,2.9268
8.935,2.9728,2.9665
8.94,2.9729,3.0117
8.945,2.9729,2.9932
8.95,2.973,2.9924
8.955,2.9731,2.8844
8.96,2.9731,3.0357
8.965,2.9732,2.9373
8.97,2.9733,2.9396
8.975,2.9734,3.0094
8.98,2.9734,3.0039
8.985,2.9735,2.9958
8.99,2.9736,3.0553
8.995,2.9736,2.9172
9,2.9737,2.9074
9.005,2.9738,3.006
9.01,2.9738,3.0059
9.015,2.9739,2.9626
9.02,2.974,2.9971
9.025,2.974,2.9296
9.03,2.9741,2.9969
9.035,2.9742,2.9672
9.04,2.9742,3.043
9.045,2.9743,2.9553
9.05,2.9744,2.9395
9.055,2.9745,3.0194
9.06,2.9745,2.9902
9.065,2.9746,2.9388
9.07,2.9747,3.0214
9.075,2.9747,2.9362
9.08,2.9748,2.9857
9.085,2.9749,2.964
9.09,2.9749,2.9251
9.095,2.975,3.0317
9.1,2.975,3.0299
9.105,2.9751,2.9393
9.11,2.9752,2.9417
9.115,2.9752,2.9811
9.12,2.9753,2.9979
9.125,2.9754,2.9258
9.13,2.9754,2.9333
9.135,2.9755,2.9588
9.14,2.9756,2.9715
9.145,2.9756,2.9528
9.15,2.9757,2.9848
9.155,2.9758,3.0243
9.16,2.9758,3.045
9.165,2.9759,2.9329
9.17,2.976,2.9458
9.175,2.976,3.0363
9.18,2.9761,2.9913
9.185,2.9761,2.951
9.19,2.9762,2.9652
9.195,2.9763,3.0645
9.2,2.9763,2.9148
9.205,2.9764,2.9012
9.21,2.9765,2.9986
9.215,2.9765,2.9798
9.22,2.9766,3.0544
9.225,2.9766,2.9758
9.23,2.9767,2.994
9.235,2.9768,2.9661
9.24,2.9768,2.9984
9.245,2.9769,2.9363
9.25,2.9769,2.966
9.255,2.977,2.8404
9.26,2.9771,2.9925
9.265,2.9771,2.963
9.27,2.9772,2.9693
9.275,2.9772,2.9446
9.28,2.9773,3.0185
9.285,2.9774,2.9176
9.29,2.9774,3.0179
9.295,2.9775,2.9896
9.3,2.9775,3.0069
9.305,2.9776,3.0075
9.31,2.9777,2.9124
9.315,2.9777,2.9106
9.32,2.9778,2.9735
9.325,2.9778,2.9507
9.33,2.9779,2.9269
9.335,2.978,3.0291
9.34,2.978,2.9375
9.345,2.9781,2.9924
9.35,2.9781,2.8803
9.355,2.9782,2.9733
9.36,2.9782,3.0442
9.365,2.9783,2.9577
9.37,2.9784,3.0672
9.375,2.9784,2.9756
9.38,2.9785,2.9765
9.385,2.9785,3.0474
9.39,2.9786,3.0249
9.395,2.9786,3.0193
9.4,2.9787,2.9834
9.405,2.9787,3.0351
9.41,2.9788,2.9949
9.415,2.9789,3.02
9.42,2.9789,2.9842
9.425,2.979,3.05
9.43,2.979,2.9597
9.435,2.9791,2.9762
9.44,2.9791,2.9376
9.445,2.9792,2.9805
9.45,2.9792,3.0397
9.455,2.9793,2.9909
9.46,2.9794,2.9691
9.465,2.9794,3.0736
9.47,2.9795,2.9483
9.475,2.9795,2.9489
9.48,2.9796,2.9839
9.485,2.9796,3.0532
9.49,2.9797,2.9468
9.495,2.9797,2.9522
9.5,2.9798,2.9389
9.505,2.9798,3.0153
9.51,2.9799,3.0267
9.515,2.9799,3.0525
9.52,2.98,3.001
9.525,2.9801,2.9746
9.53,2.9801,2.8959
9.535,2.9802,3.0748
9.54,2.9802,3.0647
9.545,2.9803,3.0556
9.55,2.9803,3.0397
9.555,2.9804,2.9589
9.56,2.9804,3.0594
9.565,2.9805,2.9365
9.57,2.9805,3.0271
9.575,2.9806,2.9908
9.58,2.9806,3.008
9.585,2.9807,2.9608
9.59,2.9807,2.974
9.595,2.9808,3.0585
9.6,2.9808,2.8778
9.605,2.9809,2.9535
9.61,2.9809,2.9318
9.615,2.981,2.9849
9.62,2.981,2.972
9.625,2.9811,2.95
9.63,2.9811,2.8949
9.635,2.9812,2.9718
9.64,2.9812,2.9564
9.645,2.9813,2.961
9.65,2.9813,2.8747
9.655,2.9814,3.0989
9.66,2.9814,2.9677
9.665,2.9815,3.0215
9.67,2.9815,2.8604
9.675,2.9816,2.9974
9.68,2.9816,2.9904
9.685,2.9817,2.9594
9.69,2.9817,2.8854
9.695,2.9818,2.9825
9.7,2.9818,3.0767
9.705,2.9819,2.9983
9.71,2.9819,2.9187
9.715,2.9819,2.8876
9.72,2.982,2.9514
9.725,2.982,3.0639
9.73,2.9821,2.9431
9.735,2.9821,2.9667
9.74,2.9822,2.9758
9.745,2.9822,3.015
9.75,2.9823,2.9593
9.755,2.9823,3.0488
9.76,2.9824,2.9731
9.765,2.9824,2.9931
9.77,2.9825,2.9043
9.775,2.9825,2.974
9.78,2.9826,2.996
9.785,2.9826,2.9837
9.79,2.9826,3.0308
9.795,2.9827,3.0284
9.8,2.9827,3.0868
9.805,2.9828,2.9848
9.81,2.9828,2.9824
9.815,2.9829,2.9752
9.82,2.9829,3.0203
9.825,2.983,2.9704
9.83,2.983,2.9597
9.835,2.9831,2.9823
9.84,2.9831,3.0214
9.845,2.9831,2.9807
9.85,2.9832,2.9843
9.855,2.9832,3.0283
9.86,2.9833,2.9852
9.865,2.9833,3.0378
9.87,2.9834,2.9144
9.875,2.9834,3.0808
9.88,2.9835,3.0616
9.885,2.9835,3.006
9.89,2.9835,3.0634
9.895,2.9836,3.0049
9.9,2.9836,3.0569
9.905,2.9837,2.9399
9.91,2.9837,3.0357
9.915,2.9838,2.9532
9.92,2.9838,3.0379
9.925,2.9838,3.0308
9.93,2.9839,2.9174
9.935,2.9839,2.9356
9.94,2.984,3.0664
9.945,2.984,3.0145
9.95,2.984,2.9315
9.955,2.9841,2.9473
9.96,2.9841,3.0234
9.965,2.9842,2.9963
9.97,2.9842,2.973
9.975,2.9843,2.9255
9.98,2.9843,2.9903
9.985,2.9843,2.9935
9.99,2.9844,2.971
9.995,2.9844,2.9123
10,2.9845,3.0001
10.005,2.9845,3.0285
10.01,2.9845,2.9066
10.015,2.9846,2.992
10.02,2.9846,3.0412
10.025,2.9847,2.9751
10.03,2.9847,2.929
10.035,2.9847,2.9645
10.04,2.9848,2.9818
10.045,2.9848,2.9135
10.05,2.9849,2.9459
10.055,2.9849,3.0322
10.06,2.9849,3.0413
10.065,2.985,2.9915
10.07,2.985,2.8485
10.075,2.9851,2.986
10.08,2.9851,2.9502
10.085,2.9851,2.9868
10.09,2.9852,3.0147
10.095,2.9852,2.9446
10.1,2.9853,3.0589
10.105,2.9853,3.0055
10.11,2.9853,3.0076
10.115,2.9854,3.0834
10.12,2.9854,2.9639
10.125,2.9855,2.9691
10.13,2.9855,2.9317
10.135,2.9855,2.953
10.14,2.9856,2.8525
10.145,2.9856,2.9536
10.15,2.9856,2.9983
10.155,2.9857,2.99
10.16,2.9857,3.0748
10.165,2.9858,2.9999
10.17,2.9858,2.9652
10.175,2.9858,2.9157
10.18,2.9859,3.0114
10.185,2.9859,2.9144
10.19,2.9859,3.0047
10.195,2.986,2.8882
10.2,2.986,3.0215
10.205,2.9861,2.9506
10.21,2.9861,3.0663
10.215,2.9861,3.045
10.22,2.9862,2.9387
10.225,2.9862,3.0027
10.23,2.9862,2.9666
10.235,2.9863,2.956
10.24,2.9863,2.9792
10.245,2.9863,2.9588
10.25,2.9864,2.9965
10.255,2.9864,2.9824
10.26,2.9865,3.0339
10.265,2.9865,2.9393
10.27,2.9865,3.0166
10.275,2.9866,3.0618
10.28,2.9866,2.9748
10.285,2.9866,2.9448
10.29,2.9867,3.0241
10.295,2.9867,3.0232
10.3,2.9867,2.9111
10.305,2.9868,3.0374
10.31,2.9868,3.0416
10.315,2.9868,3.0565
10.32,2.9869,2.97
10.325,2.9869,2.9438
10.33,2.9869,2.8929
10.335,2.987,2.9877
10.34,2.987,3.0005
10.345,2.987,2.958
10.35,2.9871,3.0462
10.355,2.9871,2.9619
10.36,2.9871,2.8973
10.365,2.9872,3.0735
10.37,2.9872,3.0246
10.375,2.9872,2.9272
10.38,2.9873,3.0563
10.385,2.9873,2.9405
10.39,2.9873,3.0061
10.395,2.9874,2.9896
10.4,2.9874,2.925
10.405,2.9874,3.0599
10.41,2.9875,2.9396
10.415,2.9875,2.9772
10.42,2.9875,2.9406
10.425,2.9876,2.9006
10.43,2.9876,3.0606
10.435,2.9876,2.975
10.44,2.9877,3.0113
10.445,2.9877,2.9212
10.45,2.9877,2.9258
10.455,2.9878,2.9076
10.46,2.9878,3.0365
10.465,2.9878,2.9042
10.47,2.9879,3
10.475,2.9879,3.0196
10.48,2.9879,3.0035
10.485,2.988,2.9649
10.49,2.988,3.0746
10.495,2.988,3.0629
10.5,2.9881,3.0671
10.505,2.9881,2.9774
10.51,2.9881,3.0403
10.515,2.9882,2.9881
10.52,2.9882,2.9416
10.525,2.9882,2.9396
10.53,2.9882,3.0746
10.535,2.9883,2.9776
10.54,2.9883,2.9432
10.545,2.9883,3.0065
10.55,2.9884,2.9684
10.555,2.9884,2.9863
10.56,2.9884,2.9939
10.565,2.9885,2.9357
10.57,2.9885,3.0203
10.575,2.9885,3.0201
10.58,2.9886,3.0577
10.585,2.9886,3.0426
10.59,2.9886,2.9766
10.595,2.9886,2.9657
10.6,2.9887,3.018
10.605,2.9887,3.0199
10.61,2.9887,3.0007
10.615,2.9888,3.0234
10.62,2.9888,3.0519
10.625,2.9888,2.9265
10.63,2.9888,3.0393
10.635,2.9889,2.9344
10.64,2.9889,3.0044
10.645,2.9889,2.9513
10.65,2.989,3.03
10.655,2.989,2.9185
10.66,2.989,3.0779
10.665,2.9891,2.9726
10.67,2.9891,3.0092
10.675,2.9891,2.985
10.68,2.9891,3.0372
10.685,2.9892,3.0494
10.69,2.9892,2.9082
10.695,2.9892,3.0144
10.7,2.9893,2.9839
10.705,2.9893,2.9546
10.71,2.9893,3.0337
10.715,2.9893,2.9266
10.72,2.9894,3.092
10.725,2.9894,2.9973
10.73,2.9894,3.0202
10.735,2.9894,2.9614
10.74,2.9895,2.9716
10.745,2.9895,3.0133
10.75,2.9895,3.0332
10.755,2.9896,2.9619
10.76,2.9896,3.0303
10.765,2.9896,3.0213
10.77,2.9896,3.0098
10.775,2.9897,3.0232
10.78,2.9897,2.9731
10.785,2.9897,2.9287
10.79,2.9897,3.0613
10.795,2.9898,2.9252
10.8,2.9898,2.8949
10.805,2.9898,3.0764
10.81,2.9899,3.0718
10.815,2.9899,2.981
10.82,2.9899,3.0031
10.825,2.9899,2.9671
10.83,2.99,3.0071
10.835,2.99,3.0101
10.84,2.99,2.8732
10.845,2.99,2.8753
10.85,2.9901,3.0022
10.855,2.9901,2.9256
10.86,2.9901,2.9793
10.865,2.9901,3.0214
10.87,2.9902,3.0334
10.875,2.9902,2.9845
10.88,2.9902,2.9452
10.885,2.9902,2.9841
10.89,2.9903,2.946
10.895,2.9903,2.9122
10.9,2.9903,2.9661
10.905,2.9904,3.0276
10.91,2.9904,2.9629
10.915,2.9904,2.9788
10.92,2.9904,2.9862
10.925,2.9905,2.9318
10.93,2.9905,3.0996
10.935,2.9905,2.961
10.94,2.9905,2.9525
10.945,2.9906,3.0223
10.95,2.9906,3.0029
10.955,2.9906,2.9545
10.96,2.9906,3.0845
10.965,2.9907,2.953
10.97,2.9907,2.9739
10.975,2.9907,3.0458
10.98,2.9907,2.9773
10.985,2.9907,2.985
10.99,2.9908,3.0176
10.995,2.9908,2.9658
11,2.9908,3.0209
11.005,2.9908,3.0271
11.01,2.9909,3.0468
11.015,2.9909,3.0963
11.02,2.9909,3.0388
11.025,2.9909,2.9641
11.03,2.991,3.0763
11.035,2.991,2.9063
11.04,2.991,3.0312
11.045,2.991,2.9829
11.05,2.9911,3.0105
11.055,2.9911,2.9409
11.06,2.9911,2.973
11.065,2.9911,3.0165
11.07,2.9912,3.1427
11.075,2.9912,2.9145
11.08,2.9912,3.0316
11.085,2.9912,3.009
11.09,2.9912,2.9722
11.095,2.9913,2.9479
11.1,2.9913,3.0606
11.105,2.9913,3.0608
11.11,2.9913,3.0397
11.115,2.9914,3.0182
11.12,2.9914,3.0163
11.125,2.9914,2.9221
11.13,2.9914,2.9656
11.135,2.9915,2.9589
11.14,2.9915,2.9284
11.145,2.9915,3.0527
11.15,2.9915,2.9214
11.155,2.9915,3.0097
11.16,2.9916,3.0899
11.165,2.9916,3.0267
11.17,2.9916,2.8714
11.175,2.9916,3.0642
11.18,2.9917,2.9527
11.185,2.9917,2.9885
11.19,2.9917,3.0597
11.195,2.9917,3.0083
11.2,2.9917,2.9737
11.205,2.9918,2.977
11.21,2.9918,3.0541
11.215,2.9918,2.9478
11.22,2.9918,2.9779
11.225,2.9918,3.0691
11.23,2.9919,3.0128
11.235,2.9919,2.9591
11.24,2.9919,3.0426
11.245,2.9919,3.0213
11.25,2.992,2.9999
11.255,2.992,2.9018
11.26,2.992,2.8877
11.265,2.992,2.9932
11.27,2.992,2.8994
11.275,2.9921,3.0212
11.28,2.9921,3.0167
11.285,2.9921,3.0402
11.29,2.9921,2.9963
11.295,2.9921,3.0603
11.3,2.9922,3.0577
11.305,2.9922,2.9982
11.31,2.9922,2.9844
11.315,2.9922,2.968
11.32,2.9922,3.1017
11.325,2.9923,2.992
11.33,2.9923,2.9896
11.335,2.9923,3.0507
11.34,2.9923,3.0216
11.345,2.9923,3.085
11.35,2.9924,2.9304
11.355,2.9924,2.8978
11.36,2.9924,3.0219
11.365,2.9924,2.9434
11.37,2.9924,2.9683
11.375,2.9925,3.0658
11.38,2.9925,2.9578
11.385,2.9925,3.0342
11.39,2.9925,2.9595
11.395,2.9925,2.9219
11.4,2.9926,2.9274
11.405,2.9926,2.9777
11.41,2.9926,2.9642
11.415,2.9926,3.049
11.42,2.9926,2.9939
11.425,2.9927,3.1222
11.43,2.9927,2.9565
11.435,2.9927,3.054
11.44,2.9927,2.9618
11.445,2.9927,3.0482
11.45,2.9928,3.0531
11.455,2.9928,2.9794
11.46,2.9928,3.0026
11.465,2.9928,2.9766
11.47,2.9928,2.9796
11.475,2.9929,2.9581
11.48,2.9929,2.9749
11.485,2.9929,3.1083
11.49,2.9929,3.0848
11.495,2.9929,3.0456
11.5,2.9929,3.01
11.505,2.993,3.0678
11.51,2.993,2.9715
11.515,2.993,2.9069
11.52,2.993,3.0317
11.525,2.993,2.9839
11.53,2.9931,2.9104
11.535,2.9931,2.9764
11.54,2.9931,2.9202
11.545,2.9931,3.0691
11.55,2.9931,2.9509
11.555,2.9931,2.9994
11.56,2.9932,2.9492
11.565,2.9932,2.9736
11.57,2.9932,3.0015
11.575,2.9932,2.9367
11.58,2.9932,3.0217
11.585,2.9933,3.0099
11.59,2.9933,3.0456
11.595,2.9933,2.9079
11.6,2.9933,2.8549
11.605,2.9933,3.0026
11.61,2.9933,3.0048
11.615,2.9934,2.9738
11.62,2.9934,3.0384
11.625,2.9934,3.007
11.63,2.9934,2.9602
11.635,2.9934,3.0612
11.64,2.9934,2.9511
11.645,2.9935,3.0322
11.65,2.9935,3.0341
11.655,2.9935,3.0158
11.66,2.9935,3.0235
11.665,2.9935,3.0101
11.67,2.9935,2.9372
11.675,2.9936,2.9103
11.68,2.9936,3.0308
11.685,2.9936,3.058
11.69,2.9936,3.0692
11.695,2.9936,2.9421
11.7,2.9936,2.9288
11.705,2.9937,2.9898
11.71,2.9937,3.0367
11.715,2.9937,2.9556
11.72,2.9937,2.9779
11.725,2.9937,3.0077
11.73,2.9937,2.9831
11.735,2.9938,3.006
11.74,2.9938,3.0498
11.745,2.9938,2.8974
11.75,2.9938,3.0333
11.755,2.9938,2.9032
11.76,2.9938,2.9572
11.765,2.9939,3.0232
11.77,2.9939,2.9105
11.775,2.9939,3.0353
11.78,2.9939,2.9912
11.785,2.9939,3.0422
11.79,2.9939,3.0179
11.795,2.994,2.8886
11.8,2.994,2.9342
11.805,2.994,2.9585
11.81,2.994,3.0692
11.815,2.994,3.0442
11.82,2.994,3.022
11.825,2.9941,3.0011
11.83,2.9941,3.0123
11.835,2.9941,3.0907
11.84,2.9941,2.922
11.845,2.9941,2.9804
11.85,2.9941,2.9526
11.855,2.9941,3.0009
11.86,2.9942,3.0719
11.865,2.9942,3.0185
11.87,2.9942,2.9893
11.875,2.9942,2.9675
11.88,2.9942,2.9789
11.885,2.9942,2.9425
11.89,2.9943,2.9161
11.895,2.9943,2.9586
11.9,2.9943,2.9662
11.905,2.9943,3.0398
11.91,2.9943,2.9397
11.915,2.9943,2.9939
11.92,2.9943,2.9114
11.925,2.9944,2.9806
11.93,2.9944,3.0519
11.935,2.9944,2.9368
11.94,2.9944,2.9394
11.945,2.9944,3.0542
11.95,2.9944,2.9735
11.955,2.9944,3.0459
11.96,2.9945,2.9873
11.965,2.9945,3.1341
11.97,2.9945,3.038
11.975,2.9945,2.9868
11.98,2.9945,3.0306
11.985,2.9945,2.9812
11.99,2.9945,2.9607
11.995,2.9946,3.0475
12,2.9946,2.9875
